<?xml version="1.0" encoding="UTF-8"?>
<beans xmlns="http://www.springframework.org/schema/beans"
	xmlns:xsi="http://www.w3.org/2001/XMLSchema-instance"

	xsi:schemaLocation="http://www.springframework.org/schema/beans http://www.springframework.org/schema/beans/spring-beans.xsd">


<bean id="hello" class="com.cap.bean.Employee">
<property name="name" value="adithya"></property>
<property name="id" value="121"></property>
<!-- <property name="address" ref="address"></property> -->

</bean>
<bean id="address" class="com.cap.bean.Address">
<property name="city" value="hyderabad"></property>
</bean>
<bean class="org.springframework.beans.factory.annotation.AutowiredAnnotationBeanPostProcessor"/>
</beans>
