<?xml version="1.0" encoding="UTF-8"?>
<beans xmlns="http://www.springframework.org/schema/beans"
	xmlns:xsi="http://www.w3.org/2001/XMLSchema-instance"
	xmlns:context="http://www.springframework.org/schema/context"
	xsi:schemaLocation="http://www.springframework.org/schema/beans http://www.springframework.org/schema/beans/spring-beans.xsd
		http://www.springframework.org/schema/context http://www.springframework.org/schema/context/spring-context-4.1.xsd">

<!-- <bean id="employee" class="com.cap.bean.Employee">
<property name="id" value="101"/>
<property name="name" value="adithya"/>
<property name="address" ref="address"></property>

</bean> -->
<bean id="address" class="com.cap.bean.Address">
<property name="city" value="hyderabad"></property>
</bean>
 <context:annotation-config/>
 <context:component-scan base-package="com.cap.bean"></context:component-scan>
<!-- <bean class="org.springframework.beans.factory.annotation.AutowiredAnnotationBeanPostProcessor"/> -->
</beans>
