<?xml version="1.0" encoding="UTF-8"?>
<beans xmlns="http://www.springframework.org/schema/beans"
	xmlns:xsi="http://www.w3.org/2001/XMLSchema-instance"
	xsi:schemaLocation="http://www.springframework.org/schema/beans http://www.springframework.org/schema/beans/spring-beans.xsd">


<bean id="hello" class="com.cap.bean.HelloWorld">

<constructor-arg index="0" value="111"></constructor-arg>
<constructor-arg index="1" value="adithya"></constructor-arg>
</bean>
<bean id="hello1" class="com.cap.bean.HelloWorld">
<constructor-arg index="0" value="gajula"></constructor-arg>
<constructor-arg index="1" value="121"></constructor-arg>
</bean>
</beans>
